1,877.88,62,dapibus,74,18,12:44
2,499.7,8,mi,27,18,18:23
3,180.86,6,habitasse,40,58,19:38
4,758.26,26,quis,1,73,22:22
5,889.23,69,nulla,75,9,17:23
6,598.99,59,lorem ipsum,96,77,19:32
7,326.72,68,lacinia aenean,78,83,1:05
8,900.01,78,ut,50,51,10:05
9,600.77,55,velit,49,50,13:01
10,381.0,79,ligula,28,6,4:26
11,19.66,76,vestibulum,62,72,9:31
12,302.62,79,odio,22,33,18:48
13,565.7,36,nunc commodo,89,82,3:38
14,127.76,91,quam sollicitudin,89,19,1:19
15,910.66,45,integer,50,99,1:25
16,612.42,44,nonummy integer,69,1,0:36
17,465.97,99,montes,22,3,14:13
18,489.47,31,parturient montes,19,46,19:35
19,724.85,44,quam a,10,39,11:58
20,506.98,82,tellus,92,100,21:47
21,533.75,78,vulputate luctus,45,4,7:12
22,664.21,30,maecenas rhoncus,62,62,10:13
23,832.96,91,quis orci,47,37,5:56
24,799.57,6,convallis morbi,91,100,13:22
25,287.45,38,dolor morbi,58,64,3:08
26,443.69,65,egestas metus,36,43,19:23
27,513.1,43,viverra dapibus,51,42,21:50
28,256.74,55,rhoncus mauris,27,78,13:22
29,836.35,78,vel enim,69,76,7:46
30,395.73,32,in lectus,60,40,4:20
31,529.85,50,erat volutpat,94,24,0:45
32,218.38,91,integer ac,90,77,21:19
33,123.01,69,et,43,54,15:55
34,650.72,81,massa tempor,4,12,19:13
35,652.09,29,morbi sem,67,96,0:35
36,788.08,91,sit amet,47,10,21:31
37,357.4,91,augue,7,68,8:32
38,463.34,30,sapien sapien,79,43,8:39
39,131.26,13,integer,86,71,9:06
40,215.49,70,dolor quis,95,47,13:36
41,900.86,12,lectus,87,58,23:03
42,253.06,72,urna ut,94,51,6:33
43,567.87,39,ut erat,49,26,6:58
44,144.6,44,justo,66,45,16:56
45,678.23,8,lorem quisque,69,73,22:58
46,25.86,22,sed sagittis,93,82,16:33
47,360.17,49,posuere,82,39,4:41
48,640.65,82,eget,49,52,3:32
49,562.17,52,curabitur in,26,91,5:40
50,343.75,37,consequat,12,86,8:14
51,189.91,87,primis,35,51,0:38
52,139.46,57,justo in,10,83,16:18
53,354.22,48,amet consectetuer,91,1,21:44
54,796.05,13,augue vel,71,56,11:35
55,598.98,99,sit,41,35,9:09
56,365.44,17,suscipit,62,52,4:43
57,671.64,12,vel,16,11,18:53
58,217.71,59,magnis dis,81,95,18:47
59,470.91,21,turpis elementum,47,93,3:08
60,554.92,44,in,16,6,0:55
61,575.45,47,sem,20,22,19:58
62,59.57,46,tortor sollicitudin,87,11,13:57
63,326.81,96,proin eu,79,49,19:01
64,351.66,71,consequat,52,13,6:32
65,284.55,85,at turpis,54,13,21:39
66,120.05,75,erat,81,9,16:28
67,223.2,44,nibh,3,97,2:09
68,451.8,28,congue diam,73,49,8:20
69,690.74,39,sed augue,35,54,7:21
70,518.96,15,at velit,79,100,7:06
71,242.89,31,feugiat,52,81,20:01
72,260.55,86,sollicitudin,21,70,7:56
73,441.78,95,eu,41,45,11:26
74,127.58,10,orci,62,99,15:51
75,286.89,21,sit,52,90,22:13
76,897.9,84,in,9,45,17:36
77,488.28,45,tincidunt,46,53,1:38
78,952.79,2,sit amet,84,78,16:58
79,570.05,53,sit amet,32,88,4:06
80,40.62,43,in,77,1,16:29
81,749.68,58,vivamus,51,56,8:22
82,244.67,4,semper interdum,99,9,13:38
83,150.51,65,feugiat et,30,43,21:01
84,821.22,22,amet,85,98,9:06
85,443.65,65,sit amet,21,53,2:01
86,909.07,30,interdum venenatis,34,88,23:35
87,987.45,2,justo nec,18,25,10:55
88,977.89,6,scelerisque,73,89,3:46
89,72.54,86,justo,1,30,22:22
90,729.04,48,orci,32,12,13:51
91,110.75,50,blandit,63,98,13:13
92,997.08,58,amet erat,31,30,4:56
93,306.15,90,turpis eget,52,73,3:34
94,88.66,57,adipiscing,14,9,22:00
95,607.57,18,phasellus,5,17,11:33
96,375.8,9,ac tellus,56,18,1:56
97,494.51,30,mus,31,67,16:08
98,570.04,56,eget,93,93,14:59
99,747.13,34,erat volutpat,79,11,5:23
100,982.42,86,condimentum,13,69,8:31
101,193.54,20,pulvinar,85,90,5:30
102,429.4,82,sed vestibulum,12,1,17:50
103,834.97,54,eget semper,60,49,15:59
104,535.89,5,tincidunt lacus,72,99,0:51
105,617.85,52,donec,70,53,19:30
106,615.19,92,nunc,71,35,23:20
107,427.69,6,quam fringilla,74,20,0:30
108,249.71,80,nullam porttitor,62,73,5:19
109,144.71,61,consectetuer adipiscing,70,74,3:46
110,338.1,19,sollicitudin,64,34,13:21
111,80.21,8,diam erat,75,1,7:47
112,783.38,74,non,45,42,18:57
113,475.06,71,lacus,64,86,5:44
114,653.77,65,congue,40,75,2:44
115,42.66,30,integer a,100,98,7:22
116,974.26,91,aliquam,34,7,23:58
117,963.61,72,erat volutpat,97,97,21:18
118,72.88,65,erat quisque,12,17,13:52
119,208.05,57,molestie,69,23,20:21
120,806.34,63,amet nulla,34,70,1:18
121,575.72,95,platea dictumst,15,37,15:50
122,286.4,11,consectetuer,56,31,0:37
123,777.28,2,nulla nisl,33,45,9:17
124,175.28,72,sed ante,53,73,22:47
125,135.43,69,dui proin,29,14,21:11
126,147.08,55,lectus,77,5,15:24
127,4.63,45,massa tempor,72,13,2:34
128,757.35,50,nulla suspendisse,64,13,21:53
129,609.37,33,posuere,82,18,3:44
130,714.26,52,luctus,94,1,18:53
131,170.57,36,interdum mauris,28,74,13:35
132,69.72,68,sed,33,24,2:57
133,896.01,34,amet eleifend,49,2,1:16
134,674.07,9,id,56,67,2:34
135,92.89,63,nullam,42,71,17:30
136,474.74,30,erat nulla,88,27,13:05
137,796.64,54,erat fermentum,38,55,12:19
138,316.09,2,rhoncus sed,25,76,8:59
139,410.12,96,ac,61,100,21:28
140,504.08,59,donec,82,47,16:56
141,382.74,2,nec,85,71,6:49
142,202.22,95,condimentum,30,92,14:08
143,654.96,56,turpis,44,62,10:47
144,483.62,33,rutrum,54,18,3:41
145,166.49,70,tincidunt in,27,56,0:59
146,527.08,96,tincidunt in,72,12,23:52
147,492.36,75,sed magna,46,93,5:30
148,916.98,22,mauris,79,28,1:29
149,167.71,79,mauris vulputate,13,52,4:23
150,851.29,97,quam nec,87,32,16:51
151,118.29,8,augue,59,54,14:30
152,204.35,89,quam pede,91,63,23:20
153,380.68,17,aenean,77,88,2:13
154,467.49,23,lorem,86,43,11:04
155,276.6,46,dis,93,19,2:01
156,878.08,91,phasellus,71,29,9:53
157,424.99,50,adipiscing molestie,63,33,0:52
158,662.71,100,lobortis ligula,5,42,8:45
159,401.34,4,lacus,15,79,20:56
160,30.06,17,ut massa,41,67,4:45
161,635.06,29,quam,86,45,15:13
162,477.76,59,at turpis,23,20,20:28
163,535.16,27,consequat varius,29,29,16:50
164,31.52,25,nulla,91,39,15:01
165,414.59,69,sapien,45,43,4:34
166,619.41,69,amet,83,41,22:50
167,967.94,45,donec vitae,28,51,22:41
168,185.6,89,neque vestibulum,38,64,4:51
169,184.56,17,ut nulla,63,50,17:30
170,749.03,55,suscipit ligula,21,59,1:38
171,646.94,15,praesent blandit,43,63,18:00
172,88.17,58,suspendisse potenti,14,49,19:24
173,287.38,92,justo,36,41,13:37
174,406.67,14,diam,61,61,14:11
175,294.39,97,at,47,52,5:42
176,773.35,91,pellentesque,84,71,20:16
177,403.97,55,duis,97,25,7:58
178,940.2,14,massa volutpat,5,58,17:42
179,917.41,18,est,54,43,15:08
180,212.93,22,ipsum ac,76,72,17:15
181,414.8,56,amet nulla,30,10,2:53
182,94.04,55,ac consequat,63,26,23:08
183,134.15,32,sit,42,86,0:50
184,177.03,7,nec nisi,7,38,9:14
185,587.21,5,lacus at,73,36,3:44
186,550.06,22,ac enim,30,51,21:44
187,242.27,79,pede,99,87,17:45
188,450.38,66,dolor,53,32,0:49
189,645.15,19,vestibulum,13,24,1:37
190,449.32,42,curae donec,3,71,2:42
191,856.46,67,nulla,67,47,20:33
192,993.05,54,posuere cubilia,79,37,6:09
193,725.53,91,varius nulla,3,22,2:30
194,125.74,43,morbi,55,22,5:39
195,581.7,17,sapien placerat,81,4,17:51
196,101.58,5,neque,98,91,7:00
197,245.97,16,primis in,81,52,1:27
198,958.9,43,eu,97,17,18:51
199,893.72,36,morbi,37,36,13:19
200,201.95,57,habitasse platea,26,46,9:07
201,96.21,78,lorem integer,7,52,6:30
202,254.28,12,lacinia sapien,62,80,10:58
203,965.21,86,nulla,63,41,15:16
204,151.25,90,velit nec,87,60,22:43
205,856.38,33,donec,19,64,0:15
206,2.51,88,tincidunt in,49,7,6:30
207,878.51,35,vulputate vitae,34,28,23:50
208,517.63,77,bibendum felis,66,88,22:58
209,440.53,13,quam turpis,27,25,19:11
210,460.96,53,eget nunc,39,59,2:43
211,196.06,56,tortor quis,78,77,1:56
212,879.95,57,ultrices enim,3,7,21:44
213,216.52,91,vestibulum,52,77,18:57
214,564.65,18,nisi,55,96,19:25
215,421.04,73,amet erat,19,32,5:17
216,308.14,38,magna,53,64,9:54
217,456.15,45,sed interdum,57,61,3:31
218,803.64,17,nisi at,49,20,11:51
219,50.56,12,ac,46,5,14:38
220,147.64,50,duis,81,24,10:01
221,753.03,52,elit,17,75,12:37
222,826.84,50,volutpat in,74,30,4:40
223,682.28,71,adipiscing,97,3,18:22
224,856.94,75,nullam varius,91,79,17:57
225,590.05,25,orci nullam,88,56,19:05
226,40.53,1,duis,24,56,4:07
227,171.45,48,orci,95,8,8:59
228,668.32,50,non,12,38,22:32
229,596.56,5,viverra diam,39,18,4:04
230,377.17,9,lorem,31,28,2:43
231,446.18,39,ante,39,53,7:48
232,868.74,17,luctus nec,86,2,6:19
233,930.09,93,varius nulla,95,78,1:13
234,920.08,13,vestibulum aliquet,71,74,23:46
235,406.08,1,proin interdum,30,37,4:12
236,425.54,52,ipsum,42,12,23:53
237,219.18,81,luctus,95,20,21:39
238,723.03,11,quis libero,97,79,8:43
239,137.06,98,vitae,38,67,23:47
240,935.04,18,dui,7,64,22:28
241,282.6,76,aliquet,11,29,16:33
242,654.83,85,dolor vel,3,8,5:40
243,781.12,99,enim lorem,59,42,15:15
244,827.02,61,odio,31,31,22:53
245,947.02,30,ut tellus,62,19,15:41
246,504.17,70,dapibus dolor,70,65,20:02
247,331.07,11,tincidunt nulla,87,53,21:43
248,655.1,98,mauris,85,27,15:38
249,159.45,88,id,52,81,1:20
250,153.82,90,duis aliquam,33,76,16:34
251,276.28,33,varius,60,96,19:52
252,285.25,61,dapibus,94,59,20:37
253,867.44,5,non sodales,56,51,19:18
254,272.89,84,a,39,17,2:10
255,809.85,79,nam,11,25,16:43
256,266.88,59,posuere,74,6,4:25
257,160.14,55,magnis dis,13,53,15:38
258,506.38,48,praesent lectus,27,18,16:57
259,436.69,64,dui,100,51,19:31
260,992.49,10,augue,66,3,20:42
261,675.71,50,diam in,15,62,18:00
262,526.22,68,id turpis,72,80,9:58
263,902.21,72,diam,84,13,12:31
264,392.89,12,potenti,61,93,7:31
265,790.42,4,suspendisse,26,84,18:36
266,107.13,37,fringilla,68,87,16:31
267,746.82,17,id,81,77,21:16
268,93.06,30,tristique,43,80,5:07
269,99.32,4,eu,15,13,7:25
270,967.69,50,sed interdum,88,22,22:47
271,501.4,21,fusce consequat,60,17,4:09
272,160.71,56,enim,52,8,13:22
273,973.45,75,nam,20,51,22:53
274,466.85,42,primis in,6,76,18:05
275,725.75,95,et,91,44,17:38
276,182.84,38,rutrum,69,29,16:29
277,365.55,52,est,37,47,21:55
278,109.28,80,aliquam,56,58,6:07
279,294.24,53,erat volutpat,89,98,12:13
280,955.22,22,luctus,5,9,18:49
281,207.12,50,justo etiam,34,21,16:44
282,275.72,74,phasellus in,66,25,1:50
283,114.83,88,sed,25,87,1:53
284,502.25,41,orci,31,66,12:14
285,502.33,34,nec,70,32,14:32
286,479.33,41,curabitur,51,79,11:34
287,461.56,34,lobortis,25,42,2:08
288,975.41,6,pellentesque,47,34,17:00
289,74.01,81,duis,58,3,15:21
290,373.42,64,neque,37,18,11:04
291,900.89,45,consectetuer adipiscing,16,58,19:15
292,830.98,83,primis,15,42,20:23
293,929.26,84,tortor,3,11,1:20
294,170.86,66,turpis nec,14,82,11:26
295,591.16,81,porta volutpat,49,98,8:43
296,124.54,46,vehicula,83,29,12:09
297,882.35,97,penatibus,16,71,18:19
298,96.69,37,lobortis vel,58,17,7:26
299,207.3,66,ac,91,11,1:48
300,323.15,30,pellentesque,92,93,1:50
301,928.11,86,suscipit,81,54,1:05
302,602.35,87,sed,37,35,15:58
303,713.27,56,molestie,18,96,14:32
304,484.7,9,sapien a,57,5,18:28
305,410.09,68,in hac,63,40,21:45
306,814.2,29,donec,74,32,19:47
307,606.54,55,lectus,3,41,0:53
308,344.81,21,rutrum,22,36,2:21
309,117.99,24,eleifend quam,6,39,14:02
310,941.44,24,a,90,8,23:09
311,526.44,87,vitae mattis,20,30,16:31
312,762.81,8,sapien quis,52,42,10:04
313,159.18,91,aliquam sit,45,21,20:04
314,85.73,29,lacinia,90,6,8:09
315,725.07,29,ante,62,46,11:55
316,160.49,21,vestibulum ante,40,28,11:41
317,525.98,94,non sodales,1,50,16:17
318,679.75,28,pellentesque,20,21,19:58
319,509.68,83,lacus curabitur,16,36,9:53
320,111.25,64,quam,21,26,6:05
321,619.75,30,eleifend,42,18,6:00
322,58.03,96,duis,43,43,9:07
323,435.63,34,venenatis lacinia,73,73,22:59
324,793.08,25,lorem,3,44,0:57
325,929.78,8,tempus,82,53,20:26
326,564.25,37,non mi,18,70,18:54
327,729.19,42,fusce,41,56,0:11
328,875.8,72,placerat ante,20,40,20:16
329,915.42,67,consectetuer adipiscing,6,73,13:10
330,129.43,48,arcu,28,45,10:01
331,923.16,100,amet cursus,84,96,15:00
332,965.87,43,dui,3,70,16:05
333,216.18,68,in congue,67,54,21:56
334,879.7,30,et magnis,23,2,12:10
335,816.04,15,ipsum,79,82,12:29
336,168.28,27,nulla ultrices,5,90,17:26
337,182.26,72,sit,15,93,1:28
338,454.35,55,nonummy maecenas,2,15,2:42
339,87.85,7,id mauris,49,33,18:25
340,172.69,77,eu,51,69,10:53
341,78.43,26,eget,56,6,2:40
342,992.41,9,montes,14,20,12:39
343,812.68,16,odio justo,28,29,19:28
344,959.14,7,mauris eget,66,46,21:49
345,807.29,76,vulputate luctus,92,15,5:53
346,656.77,16,orci,67,80,12:07
347,200.23,40,est congue,8,44,19:53
348,345.61,93,aliquam augue,55,86,3:02
349,530.49,93,consequat,97,3,13:14
350,501.64,60,posuere,32,90,10:00
351,896.5,73,enim in,16,24,7:31
352,939.31,83,at,4,92,9:15
353,292.96,10,pede justo,32,34,8:19
354,578.64,52,massa,44,31,6:55
355,591.6,94,amet consectetuer,48,38,1:15
356,403.27,80,lectus in,30,90,7:20
357,60.82,28,odio odio,57,58,17:04
358,604.82,83,suscipit nulla,12,13,5:13
359,844.59,43,elementum pellentesque,64,64,7:27
360,418.31,76,amet,57,93,6:37
361,320.56,49,velit,74,74,7:36
362,822.95,79,amet cursus,60,91,2:44
363,505.69,68,varius nulla,44,18,8:43
364,700.42,78,odio,66,84,2:16
365,728.15,12,condimentum curabitur,80,60,2:04
366,504.32,13,sodales,81,95,21:57
367,895.02,43,tristique fusce,77,33,4:16
368,348.22,22,at feugiat,20,59,18:29
369,132.54,58,sapien,24,98,15:05
370,825.94,89,neque sapien,36,71,10:38
371,496.58,11,vehicula,15,69,10:28
372,946.9,89,volutpat in,29,14,18:52
373,771.12,58,feugiat,100,62,21:01
374,213.29,92,convallis morbi,20,82,20:29
375,232.06,82,proin interdum,1,35,22:55
376,707.12,35,vivamus,35,66,1:33
377,788.13,31,libero nam,23,72,11:43
378,436.6,63,accumsan odio,30,84,15:04
379,884.13,19,ante ipsum,25,63,19:51
380,915.79,26,consequat in,23,84,20:20
381,135.54,54,tincidunt eget,87,3,10:47
382,562.06,96,iaculis justo,62,16,5:16
383,473.29,92,semper est,23,87,6:46
384,426.14,89,posuere felis,7,62,11:44
385,348.76,20,nam tristique,72,51,13:23
386,973.31,57,suspendisse potenti,26,3,12:03
387,344.37,68,odio consequat,31,33,1:40
388,907.24,84,blandit nam,84,95,8:19
389,24.93,46,dolor vel,45,75,20:18
390,93.18,2,sed,11,87,11:20
391,724.88,61,non,10,68,13:00
392,809.11,59,est et,20,41,11:11
393,884.46,61,ultrices posuere,79,80,23:58
394,665.57,51,posuere metus,96,10,4:11
395,116.45,53,lectus,22,77,8:38
396,478.15,55,sed,58,67,8:02
397,408.66,19,mi,73,53,7:13
398,312.64,1,id consequat,37,85,23:10
399,480.59,40,lacus morbi,6,94,16:37
400,326.5,93,amet,48,55,12:59
401,19.79,79,sapien,100,9,6:37
402,908.46,52,quis lectus,93,38,0:16
403,915.02,5,etiam,23,43,16:39
404,562.5,34,arcu libero,81,29,19:23
405,908.29,1,felis ut,59,25,12:04
406,539.98,68,eu interdum,82,66,15:35
407,525.79,9,eu,21,9,14:36
408,736.19,100,auctor gravida,6,52,1:39
409,537.8,12,imperdiet et,43,64,10:20
410,67.98,41,laoreet ut,88,36,6:29
411,935.99,30,mus,67,15,17:28
412,150.52,50,accumsan tortor,13,58,12:05
413,969.28,42,maecenas tristique,40,41,15:24
414,643.92,52,a,76,71,7:43
415,152.77,71,molestie nibh,44,78,1:25
416,76.65,24,suscipit,60,68,8:59
417,48.92,83,in,29,81,1:58
418,159.8,36,nisi at,45,27,11:04
419,908.72,66,ac,78,21,4:30
420,416.19,26,aenean,3,87,9:48
421,95.77,85,odio,77,17,20:55
422,209.88,12,diam,36,30,13:53
423,568.58,24,eleifend,93,51,5:00
424,504.26,94,primis in,85,99,9:59
425,573.9,51,mi in,37,16,17:24
426,802.99,81,luctus et,52,71,13:10
427,187.82,9,in porttitor,83,65,11:37
428,646.85,55,a,85,37,9:47
429,648.11,47,rutrum nulla,71,83,13:27
430,428.92,89,sed,17,51,23:43
431,553.0,83,ornare imperdiet,13,48,6:47
432,965.27,30,eu mi,82,46,5:19
433,374.04,40,porttitor pede,51,22,6:02
434,749.66,48,convallis morbi,68,94,6:50
435,895.75,96,eleifend pede,26,5,11:34
436,931.25,20,vestibulum,6,94,8:54
437,390.03,94,sollicitudin,1,19,20:36
438,698.13,90,eget orci,47,81,9:43
439,6.5,7,lobortis ligula,82,37,2:30
440,120.85,82,id,30,88,19:06
441,316.66,43,in,61,35,5:52
442,303.53,15,blandit,94,26,20:26
443,291.32,37,libero,32,60,0:36
444,664.04,87,ac est,21,89,8:11
445,270.9,90,morbi,5,58,22:52
446,175.3,63,libero,56,28,18:48
447,977.86,78,viverra,99,11,3:15
448,756.65,28,convallis tortor,71,56,5:06
449,943.57,94,arcu libero,29,30,4:30
450,682.15,87,cubilia curae,37,18,19:29
451,739.92,1,eleifend luctus,75,27,3:41
452,799.06,25,at nunc,56,34,3:09
453,312.65,90,hac habitasse,84,73,0:14
454,259.13,93,interdum in,25,58,10:21
455,255.22,75,vel pede,16,29,13:35
456,42.88,91,orci mauris,47,43,14:25
457,782.73,54,elementum,22,82,0:20
458,950.64,58,proin,19,34,21:54
459,435.48,21,ipsum,18,46,3:15
460,556.75,86,rutrum at,7,12,9:52
461,832.16,73,nibh quisque,63,91,11:37
462,424.73,7,morbi ut,73,15,2:08
463,527.27,81,ipsum dolor,54,27,14:58
464,290.65,61,nulla,13,72,21:23
465,921.05,32,odio,79,30,8:52
466,36.68,92,duis,44,36,20:39
467,983.38,54,duis at,87,19,2:16
468,773.31,67,vivamus in,73,86,4:49
469,203.48,19,ac nibh,8,85,3:09
470,273.54,9,consectetuer,80,28,14:19
471,31.24,7,nisl,35,5,10:50
472,540.35,33,nascetur ridiculus,100,28,2:10
473,882.36,12,lacinia eget,25,22,6:06
474,54.36,71,dolor,97,85,23:02
475,359.45,53,sapien arcu,38,95,22:44
476,217.66,66,purus aliquet,80,37,23:14
477,134.34,68,augue quam,30,44,6:18
478,252.05,85,accumsan,44,82,21:09
479,998.53,36,rutrum rutrum,64,41,16:27
480,353.28,55,donec ut,17,56,9:23
481,506.67,46,nonummy integer,11,20,16:57
482,642.18,59,enim blandit,45,17,10:38
483,299.41,2,integer,43,25,8:44
484,907.5,17,tempus vivamus,46,73,20:16
485,90.5,86,sodales scelerisque,85,15,16:32
486,618.45,26,non,71,38,19:43
487,138.87,87,praesent,35,44,9:14
488,115.8,36,in,47,100,19:48
489,730.22,52,amet,45,100,10:40
490,306.74,44,integer,4,10,10:14
491,609.14,29,amet,31,41,3:00
492,74.21,74,vel enim,37,55,15:00
493,581.36,92,eget,54,31,11:34
494,770.32,48,fusce,21,18,0:23
495,898.38,73,praesent,48,30,3:53
496,644.96,51,potenti cras,79,99,4:58
497,435.33,37,in,95,13,10:45
498,282.18,2,consequat,14,42,19:14
499,305.41,91,in,36,8,0:46
500,528.29,84,viverra,54,72,17:18
501,438.01,68,duis mattis,73,75,10:44
502,292.96,94,sit amet,75,54,1:10
503,441.93,51,amet,10,11,14:58
504,633.86,29,in faucibus,100,17,18:33
505,540.45,9,eu,53,15,4:15
506,275.15,6,at nulla,48,23,6:21
507,588.68,90,vel,71,74,7:53
508,951.24,32,nunc,25,76,17:37
509,520.63,31,vel est,73,67,16:59
510,760.61,72,non quam,25,28,9:53
511,112.26,38,blandit lacinia,70,27,0:12
512,136.44,5,in hac,18,75,12:07
513,901.63,72,sit,70,68,21:29
514,410.46,62,fusce consequat,37,20,20:33
515,229.21,91,in,76,49,2:23
516,634.84,77,aliquam erat,69,59,15:35
517,867.06,92,justo in,42,1,13:49
518,949.92,57,id justo,84,7,23:02
519,197.42,34,orci,92,18,0:20
520,871.37,62,mattis nibh,55,53,7:19
521,317.38,14,dictumst morbi,1,42,7:21
522,536.99,51,dapibus at,3,15,5:48
523,640.49,3,nullam,60,21,11:42
524,142.72,64,nunc,70,27,7:45
525,408.38,10,donec semper,52,69,2:03
526,232.79,32,quisque,76,56,14:33
527,94.28,52,pretium,92,93,1:41
528,253.0,96,consequat nulla,67,98,15:58
529,84.81,53,aliquet at,56,50,21:00
530,302.78,37,quis,71,61,7:21
531,243.83,7,turpis nec,46,23,5:03
532,791.35,74,lectus,65,91,10:08
533,71.31,64,augue vestibulum,17,10,18:01
534,17.32,67,metus,9,30,0:00
535,384.75,53,morbi,17,54,0:48
536,93.63,100,ultrices enim,57,51,19:55
537,95.56,11,vestibulum sed,72,55,2:09
538,770.91,43,nec euismod,13,55,15:41
539,725.35,42,in,60,12,10:43
540,633.56,68,ultrices,1,57,3:09
541,585.35,55,mus vivamus,71,98,0:18
542,666.34,78,tincidunt lacus,8,65,20:50
543,844.31,61,sed,12,1,8:50
544,778.3,80,justo etiam,88,87,10:01
545,399.54,26,lectus aliquam,34,60,7:18
546,381.92,4,mi in,86,55,3:50
547,646.19,88,nulla eget,80,9,18:30
548,464.62,28,lacus morbi,17,56,5:55
549,459.81,46,curae,53,47,16:25
550,710.24,8,nonummy integer,84,51,9:54
551,35.39,66,in,44,77,6:07
552,579.32,92,ut massa,63,9,1:52
553,708.41,37,volutpat,62,18,7:58
554,742.66,91,rhoncus,95,60,21:55
555,389.24,90,consectetuer adipiscing,72,13,3:52
556,199.1,21,donec odio,99,21,13:24
557,310.13,11,ultrices,16,49,0:33
558,361.4,4,in,78,56,16:18
559,815.89,1,parturient,4,41,21:45
560,383.43,90,in eleifend,69,68,14:15
561,514.83,46,elementum,74,77,17:43
562,513.28,17,lacinia,77,14,21:21
563,786.49,76,nisl,24,44,6:39
564,579.05,49,nisi,73,60,14:16
565,409.81,10,mattis egestas,70,11,9:50
566,210.67,4,neque sapien,76,29,4:15
567,888.81,82,quis,100,37,17:18
568,25.75,96,suscipit a,9,58,17:41
569,883.04,34,quis,45,100,21:50
570,969.53,95,pede venenatis,6,74,1:02
571,104.24,8,sed tincidunt,28,49,16:18
572,85.61,19,morbi odio,27,93,6:55
573,634.03,84,maecenas,46,15,0:57
574,289.38,99,lobortis,80,3,1:26
575,847.8,88,aenean,31,28,1:15
576,655.1,69,nulla tellus,33,97,17:40
577,668.06,19,arcu,44,76,15:33
578,243.1,58,eget,73,26,12:54
579,508.27,68,amet sem,87,68,11:49
580,847.14,72,tempus semper,34,55,14:28
581,425.64,35,porta volutpat,67,73,21:34
582,561.12,18,quam turpis,60,84,14:08
583,90.53,44,luctus et,66,95,0:38
584,23.41,87,pede,42,54,21:03
585,668.57,14,penatibus,3,89,8:16
586,428.34,43,vivamus,88,16,2:56
587,185.27,43,in congue,7,1,10:49
588,355.47,76,erat id,27,28,3:00
589,643.67,63,ullamcorper purus,49,46,12:41
590,64.37,1,pretium,45,29,14:56
591,468.76,65,in magna,85,23,0:46
592,205.89,30,convallis nunc,50,60,15:15
593,166.53,34,consequat,56,43,9:29
594,326.21,66,viverra,47,20,2:15
595,901.59,82,sit amet,51,11,16:48
596,6.58,19,libero,17,79,13:24
597,845.85,28,vestibulum,34,35,4:46
598,685.52,10,scelerisque mauris,28,85,0:09
599,618.04,22,in,90,96,1:20
600,252.58,38,vestibulum,98,9,11:43
601,817.7,46,erat,29,78,17:21
602,423.72,22,vel enim,22,5,23:41
603,944.52,69,neque,31,29,17:02
604,113.38,50,vestibulum sit,44,39,17:07
605,31.61,80,primis,66,86,8:39
606,626.68,60,diam cras,68,97,3:56
607,862.85,44,in quam,45,88,17:09
608,284.71,88,id pretium,38,7,21:47
609,944.82,94,blandit,66,75,5:58
610,421.06,72,diam id,83,95,13:57
611,947.01,8,luctus et,51,50,7:14
612,396.12,52,porttitor,21,41,8:38
613,336.07,82,consectetuer eget,9,69,7:05
614,555.23,86,interdum,15,60,3:28
615,7.36,31,ultrices,74,78,21:17
616,643.36,36,arcu,61,37,6:30
617,32.47,20,rutrum ac,43,33,12:46
618,74.63,52,ante nulla,23,69,17:37
619,286.51,43,justo,4,87,23:27
620,982.2,58,ridiculus mus,32,19,10:58
621,910.04,33,cursus urna,19,93,10:43
622,132.59,47,tellus in,13,78,19:31
623,649.57,71,eros,28,22,14:03
624,398.9,69,lacinia,45,25,3:06
625,819.02,15,vel,63,45,4:56
626,521.9,14,placerat praesent,12,25,6:23
627,882.63,87,curae,55,82,8:28
628,620.91,50,scelerisque,22,27,0:47
629,374.99,71,sed,11,81,19:24
630,493.14,83,congue etiam,22,76,9:01
631,727.06,33,laoreet,64,46,1:57
632,849.26,70,id,95,38,0:28
633,581.0,78,eleifend,4,34,18:18
634,407.59,73,ut volutpat,25,48,7:09
635,584.48,25,pulvinar lobortis,14,55,6:24
636,352.35,2,mauris non,80,64,15:14
637,843.31,33,nunc donec,22,44,8:04
638,430.67,93,nulla neque,60,67,1:06
639,69.88,75,ut,34,81,2:56
640,344.84,21,ultrices enim,32,93,2:18
641,415.92,39,vitae quam,6,67,17:57
642,922.35,59,vestibulum ac,70,38,8:45
643,176.3,91,sem,80,78,0:37
644,671.56,41,eu,15,33,8:56
645,596.17,14,justo,63,1,6:09
646,648.41,64,scelerisque quam,99,14,22:55
647,629.99,78,et,99,60,1:48
648,308.53,25,est,94,48,0:42
649,189.42,82,lacus purus,72,77,11:25
650,426.37,14,lobortis ligula,11,89,1:39
651,72.91,21,ridiculus mus,50,63,5:41
652,805.62,81,velit,59,99,14:58
653,87.7,50,libero,49,55,6:46
654,206.96,24,id,74,26,3:26
655,512.48,65,curabitur,32,6,15:53
656,490.36,48,nonummy,90,37,22:08
657,880.14,1,vestibulum,27,17,14:29
658,379.97,58,integer aliquet,56,74,6:22
659,172.27,90,quis,20,66,3:47
660,790.75,9,nibh in,38,46,9:06
661,839.32,62,praesent,86,73,23:17
662,854.96,47,lacus,50,51,5:51
663,178.78,44,libero rutrum,62,56,2:43
664,645.32,70,donec,85,57,7:34
665,109.99,57,proin interdum,83,70,9:27
666,760.45,65,hac,98,29,10:24
667,76.34,30,nulla,83,51,1:45
668,602.77,32,nec nisi,41,42,23:13
669,398.72,79,est,22,2,2:38
670,623.9,46,sapien sapien,53,94,21:08
671,939.18,51,velit,42,58,9:03
672,396.57,30,amet,53,37,8:14
673,595.75,73,aliquam convallis,30,67,6:08
674,101.43,25,ac nulla,12,42,5:30
675,717.0,86,ultricies,68,11,18:45
676,419.0,26,sit amet,89,32,12:37
677,435.37,39,eget tempus,92,59,6:30
678,339.57,6,primis in,23,65,6:18
679,873.55,63,viverra diam,55,87,9:20
680,660.99,19,in,67,58,14:13
681,956.72,1,risus auctor,16,37,20:47
682,511.52,12,nunc,10,3,13:43
683,593.08,31,risus,61,97,5:45
684,181.73,23,rutrum nulla,47,87,15:24
685,615.64,64,sem,1,66,0:26
686,897.4,26,blandit,16,24,5:09
687,135.99,21,purus,12,7,3:17
688,964.15,82,iaculis diam,33,37,7:44
689,516.93,43,habitasse platea,13,24,22:13
690,91.65,12,aliquam convallis,34,49,6:13
691,573.67,47,nec dui,52,73,19:40
692,114.04,78,lectus,59,84,15:47
693,191.12,17,ut at,31,86,20:53
694,822.85,62,vitae,79,26,14:07
695,613.94,33,ut odio,64,83,22:34
696,550.6,1,adipiscing,69,82,8:22
697,165.46,75,at ipsum,65,99,18:15
698,184.39,94,nec condimentum,28,68,10:50
699,752.35,13,id sapien,59,52,6:26
700,675.22,62,cras,28,57,2:00
701,887.65,10,egestas,40,11,17:43
702,3.5,88,dui proin,27,45,22:47
703,442.53,91,eget,28,63,5:14
704,537.25,60,vel nisl,98,1,11:46
705,539.76,6,posuere,64,94,21:39
706,758.99,16,nisi,70,94,5:12
707,815.6,83,quis,80,79,8:19
708,573.18,66,ante,64,69,22:59
709,379.36,53,justo maecenas,28,22,14:41
710,965.55,52,vulputate,1,5,6:37
711,202.4,100,ligula,70,41,2:29
712,810.22,31,tortor,68,84,18:21
713,570.26,25,quis,93,37,15:34
714,177.96,89,et,74,40,3:22
715,538.16,54,tincidunt eu,55,23,15:27
716,631.5,95,lorem quisque,28,62,18:57
717,852.53,69,pulvinar nulla,36,99,23:44
718,293.42,72,non,80,32,19:25
719,914.35,75,laoreet ut,60,58,18:30
720,606.05,97,quis augue,83,95,20:52
721,911.7,12,lacus,10,24,22:41
722,2.94,66,pellentesque,19,84,10:49
723,232.44,85,posuere,14,81,1:14
724,639.96,62,pellentesque,14,14,9:01
725,252.68,72,vel nulla,88,17,12:49
726,512.42,44,duis consequat,100,35,15:33
727,891.93,69,sit amet,60,68,6:08
728,447.63,84,venenatis non,85,62,16:04
729,215.27,15,sapien placerat,59,21,10:40
730,160.99,16,eros,63,24,16:17
731,829.14,81,nonummy maecenas,13,81,0:01
732,669.82,36,ante vel,50,26,23:56
733,509.54,63,commodo,53,94,20:42
734,111.72,30,sociis natoque,20,81,23:01
735,271.97,78,hac,17,28,16:56
736,970.37,16,nunc proin,62,51,4:31
737,724.95,77,metus,67,66,10:29
738,965.22,2,turpis elementum,79,94,0:01
739,808.71,6,mus,58,71,5:03
740,920.19,25,tempor convallis,2,68,1:18
741,331.63,53,bibendum morbi,92,2,17:05
742,506.41,83,libero,67,3,1:33
743,617.29,63,nonummy maecenas,49,75,17:34
744,772.76,19,neque,2,17,13:02
745,646.07,94,varius ut,33,29,3:21
746,399.68,76,rutrum,18,1,22:26
747,149.07,24,sapien arcu,51,14,17:05
748,540.7,25,amet,60,10,23:11
749,671.67,55,orci,27,86,12:06
750,920.64,33,orci luctus,43,3,15:18
751,888.65,1,maecenas,57,90,12:33
752,463.85,49,ante,52,76,0:47
753,359.41,37,vestibulum,43,50,18:28
754,460.06,46,erat fermentum,51,50,12:30
755,768.72,80,vitae,27,14,12:44
756,874.68,2,felis eu,71,98,3:20
757,508.39,83,non quam,43,78,3:35
758,610.04,75,in hac,65,85,23:03
759,433.08,30,duis faucibus,22,25,17:14
760,764.83,86,pede malesuada,99,29,7:58
761,879.3,79,nam,59,27,1:12
762,280.17,80,platea,2,74,6:20
763,536.85,40,lorem,6,5,19:26
764,262.15,97,id nisl,53,18,15:36
765,621.85,52,in,77,98,9:03
766,994.88,3,nulla elit,26,26,6:21
767,190.57,41,viverra eget,58,87,9:13
768,443.92,90,nam,45,76,2:56
769,243.88,16,ante,74,26,19:44
770,832.79,94,a,46,84,21:30
771,746.69,3,mi sit,71,39,8:35
772,418.39,84,ut nunc,99,56,9:38
773,552.16,52,donec,38,49,3:09
774,333.07,73,nulla,57,32,6:39
775,602.72,25,habitasse,83,12,6:46
776,434.96,40,nullam porttitor,11,58,0:49
777,374.27,68,sapien,56,14,4:27
778,518.32,50,leo pellentesque,98,44,13:23
779,216.88,24,vel nulla,33,91,8:51
780,613.17,61,velit vivamus,39,60,15:27
781,865.44,81,ut,13,26,22:17
782,418.14,81,risus praesent,79,93,5:49
783,279.92,37,hac,36,44,22:18
784,912.07,92,erat,44,19,3:18
785,882.59,83,sed vestibulum,70,49,1:40
786,844.25,42,dapibus,18,76,0:33
787,422.53,18,ut,48,99,1:32
788,561.88,36,ultrices posuere,26,27,8:41
789,127.54,22,nisi,19,85,21:35
790,643.92,99,non interdum,87,31,2:10
791,966.24,28,ultrices,40,13,2:06
792,212.5,49,non velit,37,90,23:24
793,754.82,81,aliquet,64,31,11:22
794,444.81,1,hac,28,46,22:42
795,822.59,62,sed ante,69,88,21:52
796,273.45,15,dapibus nulla,71,81,11:37
797,675.93,99,vestibulum ante,86,57,5:57
798,834.21,59,a nibh,31,63,3:06
799,23.21,98,arcu libero,35,13,3:58
800,999.42,38,rhoncus aliquet,63,99,15:11
801,703.4,79,duis bibendum,12,74,17:12
802,376.63,94,dui vel,10,72,18:54
803,514.93,39,donec odio,65,57,14:24
804,565.76,49,neque,10,15,6:06
805,52.34,58,velit,6,58,7:44
806,894.8,80,turpis a,70,94,11:42
807,157.81,90,tincidunt,85,47,2:20
808,338.51,11,nunc,45,59,0:49
809,261.52,58,at diam,67,11,7:06
810,357.34,63,interdum venenatis,26,22,20:42
811,410.89,35,diam id,87,13,1:50
812,877.43,5,nam,68,80,22:33
813,965.91,18,diam neque,79,71,11:01
814,864.89,59,tellus in,69,53,18:09
815,805.63,39,in,45,38,8:11
816,155.28,36,ornare consequat,80,7,11:04
817,773.15,2,orci,24,33,23:43
818,219.98,46,vulputate nonummy,72,52,10:21
819,129.84,62,cursus,17,60,21:06
820,367.99,60,erat fermentum,56,76,12:41
821,104.48,11,in,57,92,21:00
822,935.23,54,congue,16,7,5:49
823,275.35,100,pede,75,98,2:43
824,626.01,60,id,36,24,17:00
825,316.66,95,mus,94,29,5:06
826,833.14,98,morbi vel,27,30,3:06
827,261.61,4,iaculis justo,93,74,10:51
828,301.63,13,aliquam,90,25,12:59
829,389.68,14,lobortis convallis,7,90,10:47
830,839.74,91,vitae nisl,96,100,23:21
831,497.03,96,sed vestibulum,54,85,20:25
832,514.1,10,lorem,7,68,0:13
833,428.99,85,elementum in,98,24,20:24
834,662.1,99,amet,7,41,7:17
835,235.32,99,orci,85,69,15:02
836,22.01,79,quam,67,14,17:17
837,416.15,17,sed,93,28,14:03
838,377.03,7,at,65,86,23:51
839,955.91,47,dapibus,26,68,14:53
840,479.66,99,libero,82,3,15:43
841,710.6,89,aliquam lacus,77,57,23:26
842,13.71,9,augue luctus,55,77,2:53
843,341.78,43,ultrices libero,3,9,5:56
844,292.28,82,justo,7,79,20:55
845,803.96,71,lacus,11,95,21:08
846,37.89,6,mattis nibh,69,50,21:04
847,311.05,4,nunc,35,78,4:25
848,341.35,100,id,75,88,22:49
849,950.72,90,felis,31,68,10:23
850,499.03,21,id massa,31,19,13:16
851,732.88,54,nulla suscipit,81,73,11:00
852,621.7,34,magna ac,23,65,4:30
853,783.2,56,sapien sapien,83,95,2:04
854,215.25,33,morbi sem,23,68,1:13
855,215.99,23,pede venenatis,25,37,6:56
856,154.54,12,eu,73,37,21:13
857,313.67,17,eros,61,52,8:33
858,570.91,50,et,67,79,19:14
859,307.92,84,erat,5,55,20:10
860,161.99,27,vehicula,41,58,4:09
861,772.88,93,ultrices libero,58,85,0:52
862,521.05,10,ultrices aliquet,90,87,20:31
863,660.89,54,convallis,17,87,17:36
864,371.29,84,praesent,2,45,3:52
865,66.4,93,lorem,100,93,21:40
866,84.44,19,luctus,61,70,15:11
867,981.13,7,vestibulum,24,38,20:08
868,553.8,74,etiam justo,6,19,20:59
869,6.61,31,posuere,6,25,14:03
870,432.97,59,consequat,1,43,0:46
871,945.41,22,nulla,42,88,3:45
872,326.09,60,ut,4,25,19:39
873,261.9,15,quisque,23,51,8:59
874,513.1,31,turpis,90,38,3:24
875,744.92,23,amet,82,84,19:14
876,699.33,55,ipsum,57,22,7:27
877,537.69,18,eu nibh,17,12,8:35
878,962.0,45,sapien,45,60,20:47
879,517.69,29,id,54,31,8:34
880,96.1,41,duis mattis,1,54,10:42
881,787.73,86,dictumst aliquam,30,24,19:31
882,134.51,62,massa,14,100,23:00
883,433.42,79,semper,4,31,15:18
884,447.24,4,at,43,31,21:41
885,123.32,18,suspendisse ornare,43,90,14:41
886,361.21,64,praesent,91,96,3:27
887,791.22,4,dui,90,68,6:14
888,704.05,99,rutrum nulla,78,26,3:00
889,167.77,22,in,85,14,10:52
890,949.05,60,turpis elementum,96,46,20:16
891,931.48,85,dictumst morbi,64,28,20:48
892,991.7,7,ligula,17,21,2:59
893,636.31,22,vestibulum ante,35,85,20:13
894,209.18,23,diam,79,88,14:06
895,380.34,56,placerat,56,41,23:01
896,70.21,84,sit amet,76,89,9:21
897,965.73,39,cubilia curae,25,7,15:22
898,207.56,43,libero rutrum,80,84,22:54
899,355.51,45,aliquet,19,35,10:29
900,229.6,16,augue,22,83,1:58
901,583.57,44,elit ac,86,70,10:07
902,330.25,95,dapibus duis,93,85,23:21
903,445.8,94,enim in,77,41,5:43
904,681.42,41,nunc rhoncus,8,40,18:14
905,321.74,41,blandit,97,56,2:57
906,408.31,1,pede,80,54,9:00
907,587.49,79,ante,44,29,13:25
908,857.59,87,in lacus,3,57,23:52
909,606.59,11,ut,96,68,16:45
910,744.99,1,hac,58,77,1:13
911,787.71,21,cum,23,2,9:22
912,913.42,57,nisi volutpat,16,27,18:28
913,959.94,35,vulputate elementum,26,3,2:42
914,43.7,47,vel,90,21,3:58
915,444.1,42,est,61,48,21:50
916,893.34,9,etiam,32,34,0:32
917,108.49,70,nisi nam,30,98,0:45
918,655.79,53,accumsan,46,79,2:31
919,656.89,77,ipsum,18,42,16:40
920,885.79,43,ut,10,42,12:17
921,35.79,95,diam,100,65,5:51
922,98.31,58,amet,63,60,6:43
923,136.32,30,felis,60,8,19:18
924,49.63,78,maecenas,78,64,21:42
925,560.46,50,eget semper,18,13,1:17
926,932.86,40,justo,80,30,3:49
927,904.15,46,erat quisque,46,34,19:26
928,964.16,75,at,10,47,22:08
929,18.69,15,porta volutpat,65,33,9:47
930,412.38,1,mi integer,69,38,17:55
931,422.21,6,ultrices mattis,48,29,6:44
932,24.16,46,interdum venenatis,87,85,17:28
933,411.55,76,aliquam,23,75,23:23
934,592.63,83,interdum mauris,13,23,7:53
935,84.1,34,luctus nec,96,97,6:13
936,11.96,37,leo,68,23,11:16
937,373.15,9,convallis nunc,72,32,17:48
938,875.76,32,justo,48,86,14:33
939,150.45,83,orci,73,50,4:34
940,948.5,68,natoque penatibus,64,32,19:53
941,512.29,22,lacinia aenean,32,69,7:23
942,151.21,52,nam dui,7,100,8:04
943,86.84,20,justo sit,94,76,8:10
944,453.58,79,diam cras,52,33,6:05
945,862.55,84,tempus sit,83,21,23:37
946,785.56,96,scelerisque mauris,49,62,5:07
947,395.06,55,ut,31,93,9:44
948,587.8,82,in sapien,29,85,12:38
949,557.99,79,erat,40,27,21:39
950,187.43,67,massa,71,71,15:24
951,79.68,33,molestie,1,43,15:54
952,416.11,42,nulla,37,43,5:41
953,802.22,62,tempus vel,38,13,20:38
954,211.45,63,nibh,46,6,22:50
955,23.72,19,pellentesque,6,73,11:44
956,656.74,32,donec quis,97,46,21:39
957,507.18,87,vitae nisl,46,79,15:48
958,128.95,48,elementum nullam,62,93,5:18
959,365.88,97,posuere cubilia,24,49,2:37
960,164.97,80,urna,26,1,8:30
961,563.3,84,nibh,73,7,12:42
962,927.69,23,vestibulum ante,99,74,13:54
963,473.42,97,quis orci,20,66,14:43
964,680.49,97,nulla pede,13,65,6:22
965,817.46,51,velit donec,53,54,18:55
966,423.41,77,phasellus,78,9,9:23
967,599.77,13,vestibulum ante,18,6,0:00
968,946.91,46,praesent,88,49,5:09
969,580.5,30,diam,48,55,2:23
970,448.19,89,ornare,56,86,14:33
971,861.95,57,semper interdum,94,46,5:10
972,325.21,73,ligula vehicula,85,47,14:10
973,180.32,52,enim,60,27,21:32
974,814.05,90,et ultrices,63,90,1:23
975,585.18,60,justo morbi,82,17,14:03
976,221.72,4,amet,85,100,8:47
977,356.91,91,nunc,30,75,19:19
978,790.67,41,praesent id,29,90,2:53
979,550.9,77,orci,22,98,23:09
980,964.0,85,vitae nisi,21,16,3:39
981,563.3,65,amet justo,77,68,11:33
982,12.62,84,in,73,7,15:55
983,787.48,4,in,29,16,5:12
984,729.92,67,fusce congue,91,16,7:52
985,802.14,51,nulla neque,51,80,18:04
986,246.5,94,diam,65,93,12:24
987,922.79,41,viverra,65,76,20:05
988,231.86,72,pede,65,56,23:56
989,432.58,10,metus vitae,57,41,21:34
990,560.19,25,vestibulum sed,65,58,9:08
991,732.17,89,in sagittis,28,45,22:35
992,400.68,58,interdum mauris,77,32,6:58
993,812.96,57,nec,37,33,20:52
994,686.78,78,donec odio,22,32,8:44
995,77.54,54,habitasse,40,40,8:46
996,907.85,94,eget eros,13,27,12:17
997,196.8,83,sed tincidunt,80,65,7:27
998,922.82,60,vitae,20,42,10:31
999,692.19,53,vestibulum sagittis,31,32,10:02
1000,914.55,40,nulla quisque,93,77,5:02
